song,artist
West End Blues,Louis Armstrong
St Louis Blues,Bessie Smith
Blue Yodel #1 (t For Texas),Jimmie Rodgers
Ain't Misbehavin,Fats Waller
Wildwood Flower,A. P. Carter
"Dark Was the Night, Cold Was the Ground",Blind Willie Johnson
Swanee,Various Artists
Pony Blues,Charley Patton
Rhapsody In Blue,Various Artists
Crazy Blues,Mamie Smith
Black and Tan Fantasy,Duke Ellington
Singin' The Blues,Bix Beiderbecke And Frankie Trumbauer
See See Rider Blues - Remastered,Ma Rainey
Statesboro Blues,Blind Willie McTell
In a Mist,Bix Beiderbecke
Pine Top's Boogie Woogie,Various Artists
Carolina Shout,Various Artists
Ol' Man River,Paul Robeson
Matchbox Blues,Blind Lemon Jefferson
Downhearted Blues,Bessie Smith
Empty Bed Blues,Bessie Smith
Dippermouth Blues,Louis Armstrong
Stardust - Remastered 2002,Hoagy Carmichael
Makin' Whoopee,Various Artists
See That My Grave Is Kept Clean,Various Artists
Whispering,Various Artists
Potato Head Blues - 78rpm Version,Louis Armstrong
How Long - How Long Blues,Leroy Carr
Keep On The Sunny Side,Various Artists
Stack O' Lee,Various Artists
Struttin' with Some Barbecue - 78 rpm Version,Louis Armstrong
St. James Infirmary,Louis Armstrong
The Little Old Log Cabin In The Lane,Fiddlin John Carson
How Can A Poor Man Stand Such Times And Live - Remastered 2003,Various Artists
My Man,Various Artists
Sally Gooden,Various Artists
St. Louis Blues - Vocal,Louis Armstrong
It's Tight Like That,Various Artists
My Mammy,Al Jolson
King Porter Stomp,Jelly Roll Morton
Honky Tonk Train Blues,Various Artists
Allons À Lafayette,Sampler
Fascinating Rhythm,George Gershwin
Black Bottom Stomp,Jelly Roll Morton
Handful of Keys - Remastered 2000,Fats Waller
East St. Louis Toodle-Oo,Duke Ellington
My Blue Heaven,Various Artists
The Prisoner's Song,Various Artists
Black Snake Moan,Blind Lemon Jefferson
Country Blues,Various Artists
Black And Blue,Louis Armstrong
Ain't Misbehavin',Louis Armstrong
The Coo Coo Bird,Various Artists
Cool Drink of Water Blues,Tommy Johnson
Trouble in Mind,"Bertha ""Chippie"" Hill"
Frankie,Mississippi John Hurt
Don't Let Your Deal Go Down Blues (with The North Carolina Ramblers) - 78rpm Version,Various Artists
I Wanna Be Loved By You ( 1928 Version ),Helen Kane
In the Jailhouse Now,Jimmie Rodgers
Nobody Knows You When You're Down and Out - 78rpm Version,Bessie Smith
Pan American Blues,Various Artists
"Stealin', Stealin' - Remastered 2002",Memphis Jug Band
Mon Homme,Various Artists
Heebie Jeebies,Louis Armstrong
Candy Man Blues,Mississippi John Hurt
Copenhagen,Fletcher Henderson
Lovesick Blues,Emmett Miller
Love Me or Leave Me,Ruth Etting
"Bye-Bye, Blackbird (1926)",Gene Austin
It Had To Be You,Various Artists
Big Road Blues,Tommy Johnson
Ory's Creole Trombone,Various Artists
Grandpa Spells,Jelly Roll Morton
Mother's Children Have a Hard Time,Blind Willie Johnson
I Can't Give You Anything But Love,Louis Armstrong
Doctor Jazz Stomp,Jelly Roll Morton
James Alley Blues,Various Artists
"California, Here I Come (1924)",Al Jolson
The Stampede,Fletcher Henderson
Back Water Blues,Bessie Smith
Tight Like This,Louis Armstrong
The Titanic,Ernest Stoneman
'Tain't Nobody's Bizness If I Do,Bessie Smith
Chimes Blues - Original,King Oliver's Creole Jazz Band
Tin Roof Blues,New Orleans Rhythm Kings
Waiting for a Train,Jimmie Rodgers
Kansas City Stomps,Jelly Roll Morton
The Pearls,Jelly Roll Morton
Canal Street Blues,King Oliver's Creole Jazz Band
Kassie Jones,Furry Lewis
Dead Man Blues,Jelly Roll Morton
Les roses blanches,Berthe Sylva
Basin Street Blues (06-11-29),Louisiana Rhythm Kings
A Monday Date,Earl Hines
South,Bennie Moten's Kansas City Orchestra
Dinah,Various Artists
Cake Walking Babies (From Home),Louis Armstrong
Keep My Skillet Good And Greasy,Various Artists
I'm Coming Virginia,Bix Beiderbecke
Stringin the Blues,Joe Venuti & Eddie Lang
Whistle While You Work,Various Artists
Me And My Girl,Various Artists
Let Yourself Go,Various Artists
My Baby Just Cares For Me,Various Artists
Puttin' On The Ritz,Various Artists
It Happened In Monterey,Various Artists
Easy To Love,Various Artists
We Just Couldn't Say Goodbye,Various Artists
Donkey Serenade,Various Artists
La Cucaracha,Various Artists
Love Is The Sweetest Thing,Various Artists
Darling Je Vous Aime Beaucoup,Various Artists
Little White Lies,Various Artists
Falling In Love Again,Various Artists
Nice Work If You Can Get It,Various Artists
I Wished On The Moon,Various Artists
Exactly Like You,Various Artists
Minnie The Moocher (The Ho-De-Ho Song),Various Artists
When The Moon Comes Over The Mountain,Various Artists
Down And Out Blues,Various Artists
I'll Never Be The Same,Various Artists
Happy-Go-Lucky You And Broken-Hearted Me,Various Artists
Oh! Donna Carla!,Various Artists
The Object Of My Affection,Various Artists
I'm In A Dancing Mood,Various Artists
Would You Like to Take a Walk?,Various Artists
Body And Soul,Various Artists
The Way You Look Tonight,Various Artists
I Saw Stars,Various Artists
Let's Face The Music And Dance,Various Artists
You're Driving Me Crazy,Various Artists
Somebody's Thinking Of You Tonight,Various Artists
Blue Moon,Various Artists
I Hadn't Anyone Till You,Various Artists
You're Getting To Be A Habit With Me,Various Artists
Nevertheless,Various Artists
Bei Mir Bist Du Schoen,Various Artists
These Foolish Things,Various Artists
From The Top Of Your Head,Various Artists
Top Hat White Tie And Tails,Various Artists
Your Heart And Mine,Various Artists
Three Little Words,Various Artists
Flat Foot Floogie (With The Floy Floy),Various Artists
Love Walked In,Various Artists
You're A Sweetheart,Various Artists
Jeepers Creepers,Various Artists
Life Is A Song,Various Artists
Sweet and Lovely,Various Artists
I'm Gonna Sit Right Down And Write Myself A Letter,Various Artists
Wrap Your Troubles In Dreams,Various Artists
The Glory Of Love,Various Artists
Lullaby Of Broadway,Various Artists
Stompin' At The Savoy,Various Artists
One Night Of Love,Various Artists
Star dust,Various Artists
A Fine Romance,Various Artists
Walkin' My Baby Back Home,Various Artists
Change Partners,Various Artists
Your Feet's Too Big,Various Artists
I Get A Kick Out Of You,Various Artists
I've Told Ev'ry Little Star,Various Artists
Prisoner of Love,Various Artists
Begin The Beguine,Various Artists
You Couldn't Be Cuter,Various Artists
Lights Out,Various Artists
Until The Real Thing Comes Along,Various Artists
I'm In The Mood For Love,Various Artists
"A Tisket, A Tasket",Various Artists
Isn't It Romantic,Various Artists
The Song Is You,Various Artists
Alone,Various Artists
What A Difference A Day Made,Various Artists
The Touch Of Your Lips,Various Artists
Beyond The Blue Horizon,Various Artists
Cheek To Cheek,Various Artists
I Don't Know Why,Various Artists
As Time Goes By,Various Artists
Wabash Cannon Ball,Various Artists
I'm Confessing That I Love You,Various Artists
Ten Cents A Dance,Various Artists
A Ghost Of A Chance,Various Artists
Happy Feet,Various Artists
Stay As Sweet As You Are,Various Artists
Oh Ma-Ma,Various Artists
Mad Dogs And Englishmen,Various Artists
Just One More Chance,Various Artists
If I Had A Talking Picture Of You,Various Artists
East Of The Sun (And West Of The Moon),Various Artists
Mad About The Boy,Various Artists
Gipsy Moon,Various Artists
Goodnight Sweetheart,Various Artists
Sally,Various Artists
When It's Springtime In The Rockies,Various Artists
Dancing in the Dark,Various Artists
Rockin' Chair,Various Artists
I'm An Old Cowhand (From The Rio Grande),Various Artists
Moonglow,Various Artists
With A Song In My Heart,Various Artists
I'm So Lonesome I Could Cry - Single Version,Hank Williams
La Vie en rose,Édith Piaf
White Christmas,Bing Crosby
Round Midnight,Various Artists
Boogie Chillen,John Lee Hooker
Koko,Charlie Parker
I Will Move On Up A Little Higher - Part 1,Mahalia Jackson
Blue Moon Of Kentucky - Original,Bill Monroe
"Take the ""A"" Train",Duke Ellington
God Bless The Child,Billie Holiday
Call It Stormy Monday (But Tuesday Is Just As Bad),Blues
Caldonia,Louis Jordan & His Tympany Five
Flying Home,Lionel Hampton
Nuages - avec le Quintette Hot Club de France,Django Reinhardt
"Black (First Movement Of Black, Brown And Beige) - Live",Duke Ellington
Manteca,Various Artists
Sentimental Journey,Doris Day
Stormy Weather,Various Artists
(Get Your Kicks On) Route 66 - Remastered,Nat King Cole
La mer (Beyond the Sea),Charles Trenet
Lovesick Blues - Single Version,Hank Williams
Choo Choo Ch' Boogie,Louis Jordan & His Tympany Five
When You Wish Upon A Star,Various Artists
Foggy Mountain Breakdown,Lester Flatt & Earl Scruggs And The Stanley Brothers
It's Too Soon to Know,Various Artists
Solo Flight,Charlie Christian
Les feuilles mortes,Yves Montand
You Are My Sunshine,Jimmie Davis
Driftin' Blues - 1992 Digital Remaster,Charles Brown
Nature Boy,Various Artists
Artistry In Rhythm,Stan Kenton
The Christmas Song (Merry Christmas To You),Nat King Cole
A Night In Tunisia,Dizzy Gillespie
Der Fuehrer's Face,Various Artists
Mule Skinner Blues,Bill Monroe
Boogie Woogie Bugle Boy,The Andrews Sisters
Ko-Ko,Duke Ellington
New San Antonio Rose,Bob Wills & His Texas Playboys
Good Rockin' Tonight,Various Artists
Ornithology (03-28-46),Charlie Parker
Parker's Mood,Charlie Parker
Key to the Highway,Various Artists
Lost Highway,Hank Williams
Move It On Over,Hank Williams
Star Dust,Artie Shaw
Groovin' High,Dizzy Gillespie
Walking The Floor Over You,Various Artists
The Man I Love,Billie Holiday
Let the Good Times Roll,Louis Jordan
Paper Doll - Single Version,The Mills Brothers
As time goes by - Complete vocal by Dooley Wilson,Max Steiner
Straighten Up And Fly Right,Nat King Cole Trio
Good Rockin' Tonight,Roy Brown
Saturday Night Fish Fry,Louis Jordan & His Tympany Five
Tenderly,Sarah Vaughan
Four Brothers,Woody Herman & His Orchestra
For Me And My Gal - Single Version,Judy Garland
Riders In the Sky,Vaughn Monroe
Swinging On A Star,Various Artists
All Or Nothing At All,Harry James
I Love you (For Sentimental Reasons),Nat King Cole
I Can't Be Satisfied,Various Artists
Misterioso - Live,Thelonious Monk
Now's The Time,Charlie Parker
Chicken Shack Boogie - Rerecorded,Amos Milburn
Worried Life Blues,Various Artists
"Rudolph, the Red-Nosed Reindeer (with The Pinafores)",Gene Autry
Jole Blon,Harry Choates
Cocktails For Two,Spike Jones
Salt Peanuts,Dizzy Gillespie
Early Autumn,Woody Herman
Near You,Various Artists
Body and Soul,Billie Holiday
Seven Come Eleven (feat. Benny Goodman & Charlie Christian),Charlie Christian
Swing To Bop,Charlie Christian
Gloomy Sunday (with Teddy Wilson & His Orchestra) - Take 1,Billie Holiday
Frenesi,Artie Shaw
Cotton Tail,Duke Ellington
A Night In Tunisia,Charlie Parker
The Honeydripper,Joe Liggins
Boplicity,Miles Davis
Que reste-t-il de nos amours,Charles Trenet
"Oh, Lady Be Good",Ella Fitzgerald
Smoke! Smoke! Smoke! (That Cigarette),Tex Williams
I'll Be Seeing You,Bing Crosby
Hot House,Dizzy Gillespie
Good Enough to Keep (Air Mail Special),Benny Goodman
Harlem Air-Shaft,Duke Ellington
Opus One - 1991 Remastered,Tommy Dorsey
Asa Branca,Various Artists
Take Me Back To Tulsa,Various Artists
Deep In the Heart of Texas,Gene Autry
The Third Man Theme (The Harry Lime Theme) - Original Version,Anton Karas
Cool Water,Sons of the Pioneers
Someone to Watch Over Me - 78rpm Version,Frank Sinatra
The Gypsy,Thomas Newman
Concerto for Cootie - 1999 Remastered,Duke Ellington
Don't Fence Me In,Various Artists
Lover Man - Single Version,Billie Holiday
Rudolph the Red-Nosed Reindeer,Gene Autry
"I Can Dream, Can't I?",The Andrews Sisters
Rag Mop,The Ames Brothers
Chattanoogie Shoe Shine Boy - 1949 Single Version,Red Foley
"Music, Music, Music",Teresa Brewer
If I Knew You Were Comin' I'd've Baked a Cake,Eileen Barton
Mona Lisa,Nat King Cole
Goodnight Irene,The Weavers
Harbor Lights,Sammy Kaye
The Thing,Phil Harris & His Orchestra
Tennessee Waltz,Patti Page
If,Perry Como
Be My Love,Mario Lanza
How High the Moon - Remastered,Les Paul & Mary Ford
Too Young,Nat King Cole
Come On-A My House,Rosemary Clooney
Delicado,Percy Faith
"Cold, Cold Heart",Tony Bennett
(It's No) Sin,Eddy Howard
Cry,Johnnie Ray
Wheel Of Fortune,Kay Starr
Blue Tango,Leroy Anderson
Here In My Heart,Al Martino
Auf Wiederseh'n Sweetheart - 2017 Version,Vera Lynn
You Belong To Me,Jo Stafford
I Went To Your Wedding,Patti Page
"It's In The Book (from ""Comedy Caravan"")",Various Artists
Why Don't You Believe Me - Remastered,Joni James
I Saw Mommy Kissing Santa Claus,Various Artists
Don't Let The Stars Get In Your Eyes,Perry Como
Till I Waltz Again With You,Teresa Brewer
(How Much Is That) Doggie In The Window,Patti Page
The Song from 'moulin Rouge' (Where Is Your Heart),Percy Faith
I'm Walking Behind You - 2001 Remastered,Eddie Fisher
Vaya Con Dios (May God Be With You),Les Paul & Mary Ford
St. George & The Dragonet,Stan Freberg
Rags to Riches - Remastered,Tony Bennett
Oh! My Pa-Pa (O Mein Papa) - 2001 Remastered,Eddie Fisher
Secret Love,Doris Day
Make Love To Me,Various Artists
Wanted (with Henri René & His Orchestra and Chorus),Perry Como
Little Things Mean a Lot (Original Mix),Kitty Kallen
Sh-Boom (Life Could Be A Dream),The Crew Cuts
Hey There,Rosemary Clooney
This Ole House - Single Version,Rosemary Clooney
I Need You Now - 2001 Remastered,Eddie Fisher
Mr. Sandman,The Chordettes
Let Me Go Lover (with Jimmy Carroll & His Orchestra),Various Artists
Hearts of Stone,The Fontaine Sisters
Sincerely,The McGuire Sisters
The Ballad of Davy Crockett,Bill Hayes
Cherry Pink And Apple Blossom White,Pérez Prado
(We're Gonna) Rock Around The Clock,Bill Haley & His Comets
The Yellow Rose of Texas - Single Version,Mitch Miller
Love Is A Many-Splendored Thing,The Four Aces
Autumn Leaves,Roger Williams
Sixteen Tons,Tennessee Ernie Ford
Memories Are Made Of This,Dean Martin
Rock And Roll Waltz,Kay Starr
Lisbon Antigua - Remastered,Various Artists
The Poor People Of Paris (Jean's Song) - Single Version,Les Baxter
Heartbreak Hotel,Elvis Presley
The Wayward Wind,Gogi Grant
"I Want You, I Need You, I Love You",Elvis Presley
My Prayer,The Platters
Don't Be Cruel,Elvis Presley
Hound Dog,Elvis Presley
"Love Me Tender - From the 20th Century-Fox CinemaScope Production, ""Love Me Tender""",Elvis Presley
Singing The Blues - Guy Mitchell,Compilation Les Années 50 : la légende américaine
Too Much,Elvis Presley
Young Love,Tab Hunter
Party Doll,Buddy Knox
Round And Round - Remastered - 1992,Perry Como
All Shook Up,Elvis Presley
Love Letters In The Sand - Single Version,Pat Boone
(Let Me Be Your) Teddy Bear,Elvis Presley
Tammy,Debbie Reynolds
Diana,Paul Anka
Baby My Heart,The Crickets
Honeycomb,Various Artists
Wake up Little Susie,The Everly Brothers
Jailhouse Rock,Elvis Presley
You Send Me,Sam Cooke
April Love,Pat Boone
At The Hop,Danny & The Juniors
Don't,Elvis Presley
Tequila,The Champs
Twilight Time - Single Version,The Platters
Witch Doctor,Halloween All-Stars
All I Have to Do Is Dream,The Everly Brothers
The Purple People Eater,Sheb Wooley
Hard Headed Woman,Elvis Presley
Poor Little Fool - Remastered,Ricky Nelson
Nel blu dipinto di blu' (Volare),Various Artists
Little Star,The Elegants
It's All In The Game,Tommy Edwards
It's Only Make Believe,Conway Twitty
Tom Dooley,The Kingston Trio
Theme from a Summer Place,Percy Faith
He'll Have to Go,Jim Reeves
Cathy's Clown,The Everly Brothers
Running Bear,Johnny Preston
Teen Angel,Mark Dinning
I'm Sorry,Brenda Lee
It's Now or Never,Elvis Presley
Handy Man,Jimmy Jones
Stuck on You,Elvis Presley
The Twist,Chubby Checker
Everybody's Somebody's Fool,Connie Francis
Wild One,Bobby Rydell
Greenfields,The Brothers Four
What In The World’s Come Over You,Jack Scott
El Paso,Marty Robbins
Alley Oop,The Hollywood Argyles
My Heart Has A Mind Of Its Own,Connie Francis
Sweet Nothin's,Brenda Lee
Itsy Bitsy Teenie Weenie Yellow Polkadot Bikini,Brian Hyland
Only the Lonely,Roy Orbison
Where Or When,Dion & The Belmonts
Sixteen Reasons,Connie Stevens
Puppy Love - Remix,Paul Anka
Why,Frankie Avalon
"Walk, Don't Run",The Ventures
Save the Last Dance for Me,The Drifters
"Baby, You Got What It Takes",Various Artists
Sink the Bismark,Johnny Horton
Chain Gang,Sam Cooke
Let It Be Me,The Everly Brothers
Good Timin,Jimmy Jones
Beyond the Sea,Bobby Darin
"Go, Jimmy, Go",Jimmy Clanton
Night,Jackie Wilson
Burning Bridges,Jack Scott
The Big Hurt,Toni Fisher
Because They’re Young,Duane Eddy
Lonely Blue Boy,Conway Twitty
Pretty Blue Eyes,Steve Lawrence
Way Down Yonder In New Orleans,Freddy Cannon
Paper Roses,Anita Bryant
Mr. Custer,Larry Verne
I Want to Be Wanted,Brenda Lee
Mule Skinner Blues,The Fendermen
Cradle Of Love,Johnny Preston
You've Got What It Takes,Marv Johnson
"Please Help Me, I'm Falling",Hank Locklin
Love You So,Ron Holden
Finger Poppin' Time,Hank Ballard & The Midnighters
Harbor Lights,The Platters
Let the Little Girl Dance,Billy Bland
He'll Have to Stay,Jeanne Black
"Theme From ""The Apartment""",Ferrante & Teicher
Volare,Bobby Rydell
A Million to One,Jimmy Charles
The Village of St. Bernadette,Andy Williams
The Old Lamplighter,The Browns
White Silver Sands,Bill Blacks Combo
Devil Or Angel,Bobby Vee
Down By the Station,The Four Preps
Forever,Various Artists
Image Of A Girl,Various Artists
Kiddio,Brook Benton
Mission Bell,Donnie Brooks
I Love the Way You Love,Marv Johnson
It's Time To Cry,Paul Anka et son orchestre
Tell Laura I Love Her,Ray Peterson
Mama,Connie Francis
Footsteps,Steve Lawrence
So Sad (To Watch Good Love Go Bad) - Remastered Version,The Everly Brothers
That's All You Gotta Do,Brenda Lee
Walking To New Orleans - Remastered,Fats Domino
Among My Souvenirs,Connie Francis
Swingin' School,Bobby Rydell
A Rockin' Good Way (To Mess Around And Fall In Love),Dinah Washington
Stairway to Heaven - Remastered,Neil Sedaka
My Home Town,Paul Anka
Georgia On My Mind,Ray Charles
Cherry Pie,Skip & Flip
(What A) Wonderful World - Remastered,Sam Cooke
Lady Luck,Lloyd Price
Step By Step,The Crests
Happy Go Lucky Me,Paul Evans
Young Emotions - Remastered,Ricky Nelson
Dreamin',Johnny Burnette
Poetry In Motion,Johnny Tillotson
O Dio Mio,Annette
You Talk Too Much,Joe Jones
Beatnik Fly,Johnny & The Hurricanes
When Will I Be Loved,The Everly Brothers
Let's Think About Living,Bob Luman
Heartaches By The Number,Guy Mitchell
In My Little Corner Of The World,Anita Bryant
Doggin' Around,Jackie Wilson
Little Bitty Girl,Bobby Rydell
Money (That's What I Want) - Single Version / Mono,Barrett Strong
Stay,Maurice Williams & The Zodiacs
Lonely Weekends,Charlie Rich
Sandy,Various Artists
Bridge Over Troubled Water,Simon & Garfunkel
(They Long To Be) Close To You,Carpenters
American Woman,The Guess Who
Raindrops Keep Fallin' On My Head,B.J. Thomas
War,Edwin Starr
Ain't No Mountain High Enough,Diana Ross
I'll Be There,The Jackson 5
Get Ready,Rare Earth
Let It Be - Remastered 2015,The Beatles
Band Of Gold - Re-Record,Freda Payne
Joy To The World - Single Version,Three Dog Night
Maggie May - Remastered Version,Rod Stewart
Reason To Believe,Rod Stewart
It's Too Late,Carole King
I Feel the Earth Move,Carole King
One Bad Apple,The Osmonds
How Can You Mend A Broken Heart,Bee Gees
Indian Reservation (The Lament of the Cherokee Reservation Indian),Paul Revere & The Raiders
Go Away Little Girl,Donny Osmond
"Take Me Home, Country Roads",John Denver
Just My Imagination (Running Away With Me),The Temptations
Knock Three Times,Tony Orlando & Dawn
The First Time Ever I Saw Your Face,Roberta Flack
Alone Again (Naturally),Gilbert O'Sullivan
American Pie,Don McLean
Without You,Harry Nilsson
The Candy Man,Sammy Davis Jr.
I GOTCHA,Joe Tex
Lean on Me,Bill Withers
Baby Don't Get Hooked on Me,Mac Davis
Brand New Key,Melanie
Daddy Don't You Walk So Fast,Wayne Newton
Tie a Yellow Ribbon Round the Ole Oak Tree (feat. Tony Orlando) - Digitally Remastered 1998,Tony Orlando & Dawn
"Bad, Bad Leroy Brown",Jim Croce
Killing Me Softly with His Song,Roberta Flack
Let's Get It On,Marvin Gaye
My Love - 2018 Remaster,Wings
Why Me,Kris Kristofferson
Crocodile Rock,Elton John
Will It Go Round In Circles,Billy Preston
You're so Vain,Carly Simon
Touch Me In The Morning,Diana Ross
The Way We Were,Barbra Streisand
Seasons in the Sun,Various Artists
Love's Theme,The Love Unlimited Orchestra
Come and Get Your Love - Single Version,Redbone
Dancing Machine,The Jackson 5
The Loco-Motion,Grand Funk Railroad
TSOP (The Sound of Philadelphia) (feat. The Three Degrees),MFSB
The Streak,Ray Stevens
Bennie And The Jets - Remastered 2014,Elton John
One Hell Of A Woman,Mac Davis
Love Will Keep Us Together,Captain & Tennille
Rhinestone Cowboy,Glen Campbell
Philadelphia Freedom,Elton John
Before The Next Teardrop Falls,Freddy Fender
My Eyes Adored You,Frankie Valli
Shining Star,"Earth, Wind & Fire"
Fame - 2016 Remaster,David Bowie
Laughter In The Rain,Neil Sedaka
One of These Nights - 2013 Remaster,Eagles
Thank God I'm a Country Boy,John Denver
Silly Love Songs - Remastered 2014,Wings
Don't Go Breaking My Heart,Elton John
Disco Lady,Johnnie Taylor
"December, 1963 (Oh What a Night!)",Frankie Valli & The Four Seasons
Play That Funky Music,Wild Cherry
Kiss and Say Goodbye,The Manhattans
Love Machine,The Miracles
50 Ways to Leave Your Lover,Paul Simon
Love Is Alive,Gary Wright
A Fifth Of Beethoven,Various Artists
Tonight's the Night (Gonna Be Alright) - 2009 Remaster,Rod Stewart
I Just Want To Be Your Everything,Andy Gibb
Best of My Love,The Emotions
"Evergreen (Love Theme from, ""A Star Is Born"")",Barbra Streisand
Angel in Your Arms - Single Version,Various Artists
I Like Dreamin',Kenny Nolan
Don't Leave Me This Way,Thelma Houston
(Your Love Has Lifted Me) Higher And Higher,Rita Coolidge
Undercover Angel,Various Artists
Torn Between Two Lovers,Mary MacGregor
Shadow Dancing,Andy Gibb
"Night Fever - From ""Saturday Night Fever"" Soundtrack",Bee Gees
You Light Up My Life,Debby Boone
Stayin Alive,Bee Gees
Kiss You All Over,Exile
How Deep Is Your Love,Bee Gees
Baby Come Back,Groove Armada
(Love Is) Thicker Than Water,Andy Gibb
Boogie Oogie Oogie - Single Version 2 / Remastered 1999,A Taste Of Honey
Three Times A Lady,Commodores
My Sharona,The Knack
Bad Girls,Donna Summer
Le Freak - 2018 Remaster,CHIC
Do Ya Think I'm Sexy,Rod Stewart
Reunited,Peaches & Herb
I Will Survive - Single Version,Gloria Gaynor
Hot Stuff,Donna Summer
Y.M.C.A.,Village People
Physical (Glee Cast Version) (feat. Olivia Newton-John),Glee Cast
Hopelessly Devoted To You,Olivia Newton-John
Magic,Various Artists
Heart Attack,Olivia Newton-John
Bette Davis Eyes,Kim Carnes
Endless Love,Various Artists
Eye of the Tiger,Survivor
Every Breath You Take,The Police
What A Feeling,Irene Cara
Another One Bites The Dust - Remastered 2011,Queen
Say Say Say - Remastered 2015,Paul McCartney
Call Me (Theme From American Gigolo) - Remastered 2001,Blondie
Lady,Kenny Rogers
Centerfold,The J. Geils Band
(Just Like) Starting Over - Remastered 2010,John Lennon
I Love Rock 'N Roll,Joan Jett & The Blackhearts
Ebony And Ivory,Paul McCartney
"That's What Friends Are For (with Elton John, Gladys Knight & Stevie Wonder)",Dionne Warwick
Upside Down,Diana Ross
Billie Jean,Michael Jackson
Abracadabra,Steve Miller Band
"Say You, Say Me",Lionel Richie
All Night Long (All Night) - Single Version,Lionel Richie
Waiting for a Girl Like You,Various Artists
Hurts So Good,John Mellencamp
Another Day in Paradise - 2016 Remaster,Phil Collins
Do That To Me One More Time,Captain & Tennille
Like a Virgin,Madonna
When Doves Cry,Prince
Maneater,Daryl Hall & John Oates
"Another Brick in the Wall, Pt. 2",Pink Floyd
Faith - Remastered,George Michael
Crazy Little Thing Called Love,Queen
Total Eclipse of the Heart,Bonnie Tyler
Careless Whisper,Wham!
Walk Like an Egyptian,The Bangles
Don't You Want Me,The Human League
Jessie's Girl,Rick Springfield
Woman in Love,Barbra Streisand
Hard to Say I'm Sorry / Get Away - 2006 Remaster,Chicago
Miss You Much,Janet Jackson
Down Under,Men At Work
We Are the World,Various Artists
Jack & Diane,John Mellencamp
Jump,Van Halen
Islands In the Stream,Dolly Parton
Coming Up - Remastered 2011,Paul McCartney
Arthur's Theme (Best That You Can Do),Various Artists
Broken Wings,Mr. Mister
Alone,Heart
Can't Fight This Feeling,REO Speedwagon
Every Rose Has Its Thorn,Various Artists
I Wanna Dance with Somebody (Who Loves Me),Whitney Houston
I Can't Go for That (No Can Do),Daryl Hall & John Oates
Livin' On A Prayer,Bon Jovi
Money for Nothing,Dire Straits
On My Own,Patti LaBelle
Beat It,Michael Jackson
Crazy for You,Madonna
What's Love Got to Do with It,Tina Turner
Rock with You - Single Version,Michael Jackson
Separate Lives (Love Theme from White Nights),Various Artists
I Want to Know What Love Is - 1999 Remaster,Foreigner
It's Still Rock and Roll to Me,Billy Joel
Look Away,Chicago
Footloose,Kenny Loggins
Against All Odds (Take a Look at Me Now) - 2016 Remaster,Phil Collins
Roll With It,Steve Winwood
Straight Up,Paula Abdul
Everybody Wants To Rule The World,Tears For Fears
We Didn't Start the Fire,Billy Joel
Nothing's Gonna Stop Us Now,Starship
With Or Without You - Remastered,U2
The Power Of Love,Huey Lewis & The News
Greatest Love of All,Whitney Houston
I Just Called To Say I Love You,Stevie Wonder
La Bamba,Los Lobos
Funkytown,Various Artists
One More Try - Remastered,George Michael
Ghostbusters,Ray Parker Jr.
Gloria,Laura Branigan
Hello,Lionel Richie
Shout,Tears For Fears
Right Here Waiting,Richard Marx
Woman - Remastered 2010,John Lennon
Owner Of A Lonely Heart,Yes
Please Don't Go - Single Version,KC & The Sunshine Band
Lost in Your Eyes,Debbie Gibson
Need You Tonight,INXS
Harden My Heart,Quarterflash
Shake You Down,Gregory Abbott
We Built This City,Starship
Stuck With You,Huey Lewis & The News
Party All the Time,Eddie Murphy
Never Gonna Give You Up,Rick Astley
Sweet Child O' Mine,Guns N' Roses
Everytime You Go Away,Various Artists
Don't Know Much (with Aaron Neville),Various Artists
Got My Mind Set On You - Remastered 2004,George Harrison
How Am I Supposed to Live Without You,Michael Bolton
Opposites Attract,Paula Abdul
Escapade,Janet Jackson
Black Velvet,Alannah Myles
Love Will Lead You Back,Taylor Dayne
I'll Be Your Everything,Tommy Page
Nothing Compares 2 U,Sinéad O'Connor
Vogue,Madonna
Hold On,Wilson Phillips
"It Must Have Been Love - From the Film ""Pretty Woman""",Roxette
Step by Step,New Kids On The Block
She Ain't Worth It,Glenn Medeiros
Vision of Love,Mariah Carey
If Wishes Came True,Sweet Sensation
"Blaze Of Glory - From ""Young Guns II"" Soundtrack",Bon Jovi
Release Me,Wilson Phillips
(Can't Live Without Your) Love And Affection,Nelson
Close To You,Maxi Priest
Praying for Time,George Michael
I Don't Have the Heart,James Ingram
Black Cat,Janet Jackson
Ice Ice Baby,Vanilla Ice
Love Takes Time,Mariah Carey
I'm Your Baby Tonight,Whitney Houston
Because I Love You (The Postman Song),Stevie B
Justify My Love,Madonna
Love Will Never Do (Without You),Janet Jackson
The First Time,Surface
Gonna Make You Sweat (Everybody Dance Now),C & C Music Factory
All The Man That I Need,Whitney Houston
Someday,Mariah Carey
One More Try,Various Artists
Coming Out of the Dark,Gloria Estefan
I've Been Thinking About You,Various Artists
You're In Love,Wilson Phillips
Baby Baby,Amy Grant
Joyride,Roxette
I Like The Way,Hi-Five
I Don't Wanna Cry,Mariah Carey
More Than Words,Extreme
Rush Rush,Paula Abdul
Unbelievable,EMF
(Everything I Do) I Do It For You,Bryan Adams
The Promise Of A New Day,Paula Abdul
I Adore Mi Amor,Color Me Badd
Good Vibrations,Marky Mark And The Funky Bunch
Emotions,Mariah Carey
Romantic,Karyn White
When a Man Loves a Woman,Michael Bolton
Black or White - Single Version,Michael Jackson
All 4 Love,Color Me Badd
Don't Let the Sun Go Down on Me,George Michael
I'm Too Sexy,Right Said Fred
To Be With You,Mr. Big
Save The Best For Last,Vanessa Williams
Jump,Kris Kross
"I'll Be There (feat. Trey Lorenz) - Live at MTV Unplugged, Kaufman Astoria StuLive at MTV Unplugged, Kaufman Astoria Studios, New York - March 1992dios, New York - March 1992",Mariah Carey
Baby Got Back,Sir Mix-A-Lot
This Used to Be My Playground,Madonna
End Of The Road,Boyz II Men
How Do You Talk To An Angel?,The Heights
I Will Always Love You,Whitney Houston
A Whole New World (Aladdin's Theme),Various Artists
Informer,Snow
Freak Me,Silk
That's The Way Love Goes,Janet Jackson
Weak,SWV
(I Can't Help) Falling In Love With You,UB40
Dreamlover,Mariah Carey
I'd Do Anything For Love (But I Won't Do That) - Single Edit,Meat Loaf
Again,Janet Jackson
Hero,Mariah Carey
All for Love,"The BNFL Band, Richard Evans & Manfred Obrecht"
The Power of Love - Radio Edit,Céline Dion
The Sign,Ace of Base
Bump n' Grind,R. Kelly
I Swear,All-4-One
Stay (I Missed You) - Storytellers,Various Artists
I'll Make Love To You,Boyz II Men
On Bended Knee,Boyz II Men
Here Comes the Hotstepper - Heartical Mix,Ini Kamoze
Creep,TLC
Take a Bow,Madonna
This Is How We Do It,Montell Jordan
Have You Ever Really Loved A Woman?,Bryan Adams
Waterfalls,TLC
Kiss from a Rose,Seal
You Are Not Alone - Radio Edit,Michael Jackson
Gangsta's Paradise (feat. L.V.),Coolio
Fantasy,Mariah Carey
Exhale - Shoop Shoop,Whitney Houston
One Sweet Day,Mariah Carey
"Because You Loved Me (Theme from ""Up Close and Personal"")",Céline Dion
Always Be My Baby,Mariah Carey
Tha Crossroads,Bone Thugs-N-Harmony
How Do You Want It,2Pac
California Love - Original Version,2Pac
You're Makin' Me High,Toni Braxton
"Let It Flow - from ""Waiting to Exhale"" Original Soundtrack",Toni Braxton
No Diggity,Blackstreet
We Belong Together,Mariah Carey
Yeah! (feat. Lil Jon & Ludacris),Usher
Low (feat. T-Pain),Flo Rida
I Gotta Feeling,Black Eyed Peas
How You Remind Me,Nickelback
No One,Alicia Keys
Boom Boom Pow,Black Eyed Peas
Let Me Love You,Mario
Gold Digger,Kanye West
Apologize,Timbaland
Dilemma,Nelly
Family Affair,Mary J. Blige
Big Girls Don't Cry (Personal),Fergie
Maria Maria (feat. The Product G&B),Santana
U Got It Bad,Usher
Whatever You Like,T.I.
Bleeding Love,Leona Lewis
"Independent Women, Pt. 1",Destiny's Child
Foolish,Ashanti
Hey Ya! - Radio Mix,OutKast
Burn,Usher
The Way You Move (feat. Sleepy Brown),OutKast
Crank That (Soulja Boy),Soulja Boy
In Da Club,50 Cent
Irreplaceable,Beyoncé
Hanging By A Moment,Lifehouse
Breathe,Faith Hill
Lose Yourself,Various Artists
Fallin',Alicia Keys
I'm Real - Murder Remix,Ja Rule
Goodies (feat. Petey Pablo),Ciara
Hot In Herre,Nelly
Smooth (feat. Rob Thomas),Santana
Run It! (feat. Juelz Santana),Chris Brown
Just Dance,Lady Gaga
My Boo,Usher
Live Your Life,T.I.
Baby Boy (feat. Sean Paul),Beyoncé
Lollipop,Lil Wayne
Crazy In Love (feat. Jay-Z),Beyoncé
Hollaback Girl,Gwen Stefani
Poker Face,Lady Gaga
Kryptonite,3 Doors Down
Promiscuous,Nelly Furtado
Lean Back,Terror Squad
With Arms Wide Open,Creed
Since U Been Gone,Kelly Clarkson
Drop It Like It's Hot,Snoop Dogg
Viva La Vida,Coldplay
Get Busy,Sean Paul
If I Ain't Got You,Alicia Keys
Candy Shop,50 Cent
The Way I Are,Timbaland
I Knew I Loved You,Savage Garden
Everything You Want,Vertical Horizon
Bad Day,Daniel Powter
Umbrella,Rihanna
How to Save a Life,The Fray
"One, Two Step (feat. Missy Elliott)",Ciara
SexyBack (feat. Timbaland),Justin Timberlake
I'm Yours,Jason Mraz
Ain't It Funny (feat. Ja Rule & Cadillac Tah) - Murder Remix,Jennifer Lopez
Temperature,Sean Paul
Disturbia,Rihanna
All For You,Janet Jackson
I Kissed A Girl,Katy Perry
Unwell - 2007 Remaster,Matchbox Twenty
Here Without You,3 Doors Down
Hot N Cold,Katy Perry
Get Low,Lil Jon & The East Side Boyz
Buy U a Drank (Shawty Snappin'),T-Pain
Right Thurr,Chingy
Love Story,Taylor Swift
Ignition - Remix,R. Kelly
I Wanna Know,Joe
Smack That,Akon
Love Song,Sara Bareilles
Bent,Matchbox Twenty
Bubbly,Colbie Caillat
Right Round,Flo Rida
It Wasn't Me,Shaggy
Always On Time,Ja Rule
Complicated,Avril Lavigne
My Humps,Black Eyed Peas
Love in This Club,Usher
You're Beautiful,James Blunt
Stand Up,Ludacris
Check On It (feat. Bun B & Slim Thug),Beyoncé
Photograph,Nickelback
U Remind Me,Usher
Stronger,Kanye West
So What,P!nk
Kiss Kiss,Chris Brown
Girlfriend,Avril Lavigne
Let Me Blow Ya Mind,Eve
Work It,Missy Elliott
Hey There Delilah,Plain White T's
Try Again,Aaliyah Tribute
Single Ladies (Put a Ring on It),Beyoncé
Forever,Chris Brown
Airplanes (feat. Hayley Williams),B.o.B
Love The Way You Lie,Eminem
California Gurls,Katy Perry
Only Girl (In The World),Rihanna
Firework,Katy Perry
Waka Waka (This Time for Africa) [The Official 2010 FIFA World Cup (TM) Song] (feat. Freshlyground),Shakira
Teenage Dream,Katy Perry
"All I Do Is Win (feat. T-Pain, Ludacris, Snoop Dogg & Rick Ross)",DJ Khaled
DJ Got Us Fallin' In Love (feat. Pitbull),Usher
What Makes You Beautiful,One Direction
Last Friday Night (T.G.I.F.),Katy Perry
Price Tag,Jessie J
Paradise,Coldplay
Grenade,Bruno Mars
We Are Young (feat. Janelle Monáe),fun.
"Give Me Everything (feat. Ne-Yo, Afrojack & Nayer)",Pitbull
Ai Se Eu Te Pego - Ao Vivo,Michel Teló
Someone Like You,Adele
Moves Like Jagger,Maroon 5
We Found Love,Rihanna
Somebody That I Used To Know,Gotye
Call Me Maybe,Carly Rae Jepsen
Party Rock Anthem,LMFAO
Pumped Up Kicks,Foster The People
Born This Way,Lady Gaga
Super Bass,Nicki Minaj
S&M,Rihanna
Stereo Hearts (feat. Adam Levine),Gym Class Heroes
Stronger (What Doesn't Kill You),Kelly Clarkson
Titanium (feat. Sia),David Guetta
E.T.,Katy Perry
Starships,Nicki Minaj
Radioactive,Imagine Dragons
Diamonds,Rihanna
Thrift Shop (feat. Wanz),Macklemore & Ryan Lewis
Let Her Go,Passenger
Gangnam Style (강남스타일),PSY
Harlem Shake,Baauer
Latch,Disclosure
Locked out of Heaven,Bruno Mars
One More Night,Maroon 5
We Are Never Ever Getting Back Together,Taylor Swift
Whistle,Flo Rida
Payphone,Maroon 5
Sexy And I Know It,LMFAO
Mirrors,Justin Timberlake
Rap God,Eminem
Just Give Me a Reason (feat. Nate Ruess),P!nk
Dark Horse,Katy Perry
Timber (feat. Ke$ha),Pitbull
Wrecking Ball,Miley Cyrus
Royals,Lorde
Get Lucky (feat. Pharrell Williams & Nile Rodgers),Daft Punk
Counting Stars,OneRepublic
Blurred Lines,Robin Thicke
Wake Me Up,Avicii
Roar,Katy Perry
All of Me,John Legend
"Happy - From ""Despicable Me 2""",Pharrell Williams
Animals,Maroon 5
Burn,Ellie Goulding
Heart Attack,Demi Lovato
Riptide,Vance Joy
Rude,MAGIC!
Work Bitch,Britney Spears
Can't Hold Us - feat. Ray Dalton,Macklemore & Ryan Lewis
Anaconda,Nicki Minaj
Fancy,Iggy Azalea
Problem,Ariana Grande
Stay With Me,Sam Smith
Summer,Calvin Harris
Blank Space,Taylor Swift
Chandelier,Sia
All About That Bass,Meghan Trainor
Bailando - Spanish Version,Enrique Iglesias
Shake It Off,Taylor Swift
Thinking out Loud,Ed Sheeran
Trap Queen,Fetty Wap
Bang Bang,Jessie J
Boom Clap,Charli XCX
Can't Remember to Forget You (feat. Rihanna),Shakira
I'm an Albatraoz,AronChupa
Take Me To Church,Hozier
Hotline Bling,Drake
Can't Feel My Face,The Weeknd
Sugar,Maroon 5
Stressed Out,Twenty One Pilots
What Do You Mean?,Justin Bieber
Love Yourself,Justin Bieber
Lean On (feat. MØ & DJ Snake),Major Lazer
Faded,Alan Walker
"Love Me Like You Do - From ""Fifty Shades Of Grey""",Ellie Goulding
Sorry,Justin Bieber
Hello,Adele
See You Again (feat. Charlie Puth),Wiz Khalifa
Uptown Funk (feat. Bruno Mars),Mark Ronson
Watch Me (Whip / Nae Nae),Silentó
Stitches,Shawn Mendes
The Hills,The Weeknd
Elastic Heart,Sia
Last Night,Morgan Wallen
Fast Car,Luke Combs
Meltdown,Travis Scott Featuring Drake
Cruel Summer,Taylor Swift
FE!N,Travis Scott Featuring Playboi Carti
Calm Down,Rema & Selena Gomez
Fukumean,Gunna
Barbie World,Nicki Minaj & Ice Spice With Aqua
Vampire,Olivia Rodrigo
Dance The Night,Dua Lipa
I Know ?,Travis Scott
Flowers,Miley Cyrus
All My Life,Lil Durk Featuring J. Cole
Hyaena,Travis Scott
Snooze,SZA
Thank God,Travis Scott
Topia Twins,Travis Scott Featuring Rob49 & 21 Savage
K-POP,"Travis Scott, Bad Bunny & The Weeknd"
My Eyes,Travis Scott
Karma,Taylor Swift Featuring Ice Spice
Try That In A Small Town,Jason Aldean
What Was I Made For?,Billie Eilish
Modern Jam,Travis Scott Featuring Teezo Touchdown
Need A Favor,Jelly Roll
Delresto (Echoes),Travis Scott & Beyonce
Telekinesis,Travis Scott Featuring SZA & Future
Sirens,Travis Scott
God's Country,Travis Scott
Kill Bill,SZA
Seven,Jung Kook Featuring Latto
Anti-Hero,Taylor Swift
Creepin',"Metro Boomin, The Weeknd & 21 Savage"
Religiously,Bailey Zimmerman
Skitzo,Travis Scott Featuring Young Thug
Chemical,Post Malone
Circus Maximus,Travis Scott Featuring The Weeknd & Swae Lee
Thinkin' Bout Me,Morgan Wallen
Til Further Notice,Travis Scott Featuring James Blake & 21 Savage
Favorite Song,Toosii
Mourning,Post Malone
Cupid,Fifty Fifty
Ella Baila Sola,Eslabon Armado X Peso Pluma
In Your Love,Tyler Childers
Dial Drunk,Noah Kahan With Post Malone
Next Thing You Know,Jordan Davis
Lost Forever,Travis Scott Featuring Westside Gunn
"You, Me, & Whiskey",Justin Moore & Priscilla Block
Love You Anyway,Luke Combs
Looove,Travis Scott Featuring Kid Cudi
Thought You Should Know,Morgan Wallen
Bury Me In Georgia,Kane Brown
La Bebe,Yng Lvcas x Peso Pluma
Parasail,Travis Scott Featuring Yung Lean & Dave Chappelle
Search & Rescue,Drake
Jealousy,Offset & Cardi B
Enough Is Enough,Post Malone
Put It On Da Floor Again,Latto Featuring Cardi B
Deli,Ice Spice
Un x100to,Grupo Frontera X Bad Bunny
LaLa,Myke Towers
Where She Goes,Bad Bunny
Princess Diana,Ice Spice & Nicki Minaj
Lady Gaga,"Peso Pluma, Gabito Ballesteros & Junior H"
Baby Don't Hurt Me,"David Guetta, Anne-Marie & Coi Leray"
Area Codes,Kaliii
What It Is (Block Boy),Doechii Featuring Kodak Black
Something Real,Post Malone
RE-,ENTRY
Peaches & Eggplants,Young Nudy Featuring 21 Savage
Sabor Fresa,Fuerza Regida
Watermelon Moonshine,Lainey Wilson
Your Heart Or Mine,Jon Pardi
Eyes Closed,Ed Sheeran
Daylight,David Kushner
Tulum,Peso Pluma & Grupo Frontera
I Can See You (Taylor's Version) (From The Vault),Taylor Swift
Super Shy,NewJeans
Speed Drive,Charli XCX
White Horse,Chris Stapleton
On The Radar Freestyle,Drake & Central Cee
Stand By Me,Lil Durk Featuring Morgan Wallen
Fragil,Yahritza y Su Esencia x Grupo Frontera
Everything I Love,Morgan Wallen
Shake Sumn,DaBaby
TQM,Fuerza Regida
Popular,"The Weeknd, Playboi Carti & Madonna"
Too Cool To Die,Post Malone
Don't Understand,Post Malone
Aqui Te Espero,Ivan Cornejo
Novacandy,Post Malone
Truck Bed,HARDY
I'm Just Ken,Ryan Gosling
Jaded,Miley Cyrus
Heartbroken,"Diplo, Jessie Murph & Polo G"
Memory Lane,Old Dominion
Oh U Went,Young Thug Featuring Drake
ICU,Coco Jones
Pound Town 2,Sexyy Red & Tay Keith & Nicki Minaj
"Bzrp Music Sessions, Vol. 55",Bizarrap & Peso Pluma
Johnny Dang,"That Mexican OT, Paul Wall & DRODi"
Cars With the Boom,L’Trimm
Get Low,Lil Jon and the East Side Boyz feat. Ying Yang Twins
Paper Planes,M.I.A.
Empire State of Mind,Jay Z and Alicia Keys
Slow Down,Brand Nubian
The Rain (Supa Dupa Fly),Missy ‘Misdemeanor’ Elliott
93 ’til Infinity,Souls of Mischief
Bling Bling,B.G. feat. Big Tymers and Hot Boys
B.M.F. (Blowin’ Money Fast),Rick Ross feat. Styles P
Just a Friend,Biz Markie
Int’l Players Anthem (I Choose You),UGK feat. Outkast
The Bridge,MC Shan
The Humpty Dance,Digital Underground
Money Ain’t a Thang,Jermaine Dupri feat. Jay Z
Roxanne’s Revenge,Roxanne Shanté
Roxanne,U.T.F.O.
Freaky Tales,Too $hort
Method Man,Raekwon feat. Ghostface Killah
It Ain’t Hard to Tell,Nas
O.P.P.,Naughty by Nature
Beat Bop,Rammellzee and K-Rob
Ego Trippin',Ultramagnetic MC’s
Can I Kick It?,A Tribe Called Quest
Children’s Story,Slick Rick
Ante Up (Robbing-Hoodz Theory),M.O.P.
Mass Appeal,Gang Starr
Ms. Jackson,Outkast
Protect Ya Neck,Wu-Tang Clan
Ni**as in Paris,Jay Z and Kanye West
Brooklyn Zoo,Ol’ Dirty Bastard
Rick Ross,Kanye West feat. Jay Z
Hip-Hop,Dead Prez
What You Know,T.I.
6 ‘n the Mornin',Ice T
A Milli,Lil Wayne
The Choice Is Yours (Revisited),Black Sheep
How I Could Just Kill a Man,Cypress Hill
Deep Cover,Dr. Dre feat. Snoop Doggy Dogg
Hold It,Beastie Boys
The Show,Doug E. Fresh and the Get Fresh Crew
Stan,Eminem feat. Dido
Passin’ Me By,The Pharcyde
Grindin,Clipse
White Lines (Don’t Don’t Do It),Grandmaster and Melle Mel
Gin and Juice,Snoop Doggy Dogg
King of Rock,Run-DMC
Big Poppa,The Notorious B.I.G.
Bring the Noise,Public Enemy
B.O.B.,Outkast
The Adventures of Grandmaster Flash on the Wheels of Steel,Grandmaster Flash and the Furious Five
Craig G.,Marley Marl feat. Master Ace
That’s the Joint,Funky 4 + 1
Push It,Salt-N-Pepa
Lost Ones,Lauryn Hill
Me Myself and I,De La Soul
Top Billin',Audio Two
South Bronx,Boogie Down Productions
California Love,2Pac feat. Dr. Dre and Roger Troutman
The Breaks,Kurtis Blow
My Name Is,Eminem
Get Ur Freak On,Missy Elliott
Rosa Parks,Outkast
It Was a Good Day,Ice Cube
Shook Ones (Part II),Mobb Deep
P.S.K. What Does It Mean?,Schoolly D
99 Problems,Jay Z
Jesus Walks,Kanye West
N.Y. State of Mind,Nas
Hypnotize,The Notorious B.I.G.
Mama Said Knock You Out,LL Cool J
Lose Yourself,Eminem
the Notorious B.I.G.,Craig Mack feat. Rampage
Scenario,A Tribe Called Quest feat. Leaders of the New School
Ain’t No Half-Steppin',Big Daddy Kane
It Takes Two,Rob Base and DJ E-Z Rock
I Know You Got Soul,Eric B. and Rakim
Strictly Business,EPMD
Rock the Bells,LL Cool J
Paul Revere,Beastie Boys
Dear Mama,2Pac
Peter Piper,Run-DMC
Big Pimpin',Jay Z feat. UGK
Fuck tha Police,N.W.A
Rebel Without a Pause,Public Enemy
La-Di-Da-Di,Doug E. Fresh and Slick Rick
They Reminisce Over You (T.R.O.Y.),Pete Rock and C.L. Smooth
C.R.E.A.M.,Wu-Tang Clan
Paid in Full,Eric B. and Rakim
Straight Outta Compton,N.W.A
Juicy,The Notorious B.I.G.
Fight the Power,Public Enemy
Nuthin’ but a ‘G’ Thang,Dr. Dre feat. Snoop Doggy Dogg
Mind Playing Tricks on Me,Geto Boys
Sucker M.C.’s,Run-DMC
Planet Rock,Afrika Bambaataa and the Soulsonic Force
Rapper’s Delight,Sugarhill Gang
The Message,Grandmaster Flash and the Furious Five
Heart Like a Truck,Lainey Wilson
Never Give Up,Chronixx
Problem With It,Plains
Saga,Hurray for the Riff Raff
Alaska,Camilo ft. Grupo Firme
Yearbook,Ingrid Andress
First Class,Jack Harlow
That That,Psy feat. Suga
Reign of Error,Dead Cross
American Teenager,Ethel Cain
Nothing,Gladie
Alex Bell,Guided by Voices
Nxde,(G)I-dle
Take My Breath,The Weeknd
Pop!,Nayeon
Coyotes,Bill Callahan
Late at Night,Protoje feat. Lila Iké
Jesus Freak Lighter,Blood Orange
Hasta Los Dientes,Camila Cabello feat. Maria Becerra
Hot in It,Charli XCX and Tiësto
X Ultima Vez,Daddy Yankee and Bad Bunny
Part of the Band,The 1975
Punto 40,Rauw Alejandro and Baby Rasta
Choreomania,Florence + the Machine
2012,Saba feat. Day Wave
Antifragile,Le Sserafim
Pomeranian Spinster,Alvvays
Still Life,Big Bang
Blacktop,Yeah Yeah Yeahs
2 Baddies,NCT 127
Mil Y Una Noches,Guitarricadelafuente
Made You Look,Meghan Trainor
The Astronaut,Jin
“Circles Around This Town”,Maren Morris
This Is Not America,Residente
Girls,Aespa
Jackie Down The Line,Fontaines D.C.
Iced Tea,Joyce Wrice and Kaytranada
So Typically Now,U.S. Girls
Pink Convertible,Marina
Because I Liked a Boy,Sabrina Carpenter
Would’ve Could’ve Should’ve,Taylor Swift
Cracker Island,Gorillaz ft. Thundercat
Conceited,Flo Milli
Maniac,Stray Kids
Eat Pray Drugs,Pillbox Patti
Let Us Die,King Princess
After Like,IVE
Right Track,Syd feat. Smino
Coming Correct Is Cheaper,Soul Glo
Ojitos Lindos,Bad Bunny feat. Bomba Estereo
Don’t Forget,Sky Ferreira
Calm Down,Rema
Banking on Me,Gunna
Don’t Play That,King Von and 21 Savage
Estilazo,Marshmello and Tokischa
What Else Can She Do,Kaitlin Butts
Finesse,Pheelz and BNXN
About Damn Time,Lizzo
Tomorrow 2,GloRilla feat. Cardi B
Papi Bones,FKA Twigs feat. Shygirl
90 Proof,Smino feat. J. Cole
Hot,Seventeen
Bad to Me,Wizkid
Runner,Alex G
“Pink Venom”,Blackpink
No Escape From Now,Ozzy Osbourne
Mamiii,Karol G and Becky G
“Son of a Sinner”,Jelly Roll
Ku Lo Sa — A Colors Show,Oxlade
2010,Earl Sweatshirt
Evergreen,Omar Apollo
Home By Now,Muna
Sungba (Remix),Asake feat. Burna Boy
The Last Resort,Midland
Unholy,Sam Smith and Kim Petras
Hype Boy,NewJeans
The Loneliest Time,Carly Rae Jepsen & Rufus Wainwright
BZRP Music Sessions #51,Villano Antillano
Something in the Orange,Zach Bryan
I Burned L.A. Down,Noah Cyrus
Plan B,Megan Thee Stallion
Caylee Hammack,Ashley McBryde
Persuasive,Doechii & SZA
Last Last,Burna Boy
This Hell,Rina Sawayama
Munch (Feelin U),Ice Spice
Dreamin’ of the Past,Pusha T
Soy El Unico,Yahritza Y Su Esencia
N95,Kendrick Lamar
Jimmy Cooks,Drake feat. 21 Savage
As It Was,Harry Styles
Break My Soul,Beyonce
The Creator,Pharrell feat. 21 Savage and Tyler
Hotel Lobby,Quavo and Takeoff
Despecha,Rosalia
Karma,Taylor Swift
Bad Habit,Steve Lacy
Cuff It,Beyonce
Titi Me Preguntó,Bad Bunny
Baby Love,The Supremes
Pancho and Lefty,Townes Van Zandt
Truth Hurts,Lizzo
You’re So Vain,Carly Simon
Time After Time,Cyndi Lauper
Where Is My Mind?,The Pixies
So What,Miles Davis
Welcome to the Jungle,Guns N’ Roses
Old Town Road,Lil Nas X
Cannonball,The Breeders
House of Balloons,The Weeknd
Cranes in the Sky,Solange
212,Azealia Banks
Buddy Holly,Weezer
I Can’t Help Myself (Sugar Pie,The Four Tops
Bad Romance,Lady Gaga
Cross Road Blues,Robert Johnson
Oye Como Va,Santana
Back That Azz Up,Juvenile feat. Lil Wayne and Mannie Fresh
Our Lips Are Sealed,The Go-Gos
Sunday Mornin’ Comin’ Down,Kris Kristofferson
Rhythm Nation,Janet Jackson
Move On Up,Curtis Mayfield
Stand by Your Man,Tammy Wynette
Solsbury Hill,Peter Gabriel
The House of the Rising Sun,The Animals
Midnight Train to Georgia,Gladys Knight and the Pips
Goodbye Earl,Dixie Chicks
Fade Into You,Mazzy Star
Come as You Are,Nirvana
Never Too Much,Luther Vandross
Get Lucky,Daft Punk feat. Pharrell Williams
Help Me,Joni Mitchell
Boom Boom,John Lee Hooker
Into the Mystic,Van Morrison
Crying,Roy Orbison
Ku Klux Klan,Steel Pulse
No Ordinary Love,Sade
Loser,Beck
Livin’ on a Prayer,Bon Jovi
Summertime Sadness,Lana Del Rey
White Rabbit,Jefferson Airplane
Bam Bam,Sister Nancy
The Rain (Supa Dupa Fly),Missy Elliot
Africa,Toto
Bad and Boujee,Migos feat. Lil Uzi Vert
Powderfinger,Neil Young
(Don’t Fear) The Reaper,Blue Öyster Cult
Tyrone,Erykah Badu
Help!,The Beatles
Rosalita (Come Out Tonight),Bruce Springsteen
Cosmic Dancer,T. Rex
Sugar,Fall Out Boy
Ace of Spades,Motörhead
The House That Built Me,Miranda Lambert
If I Ain’t Got You,Alicia Keys
La Vida Es un Carnaval,Celia Cruz
Savage (Remix),Megan Thee Stallion feat. Beyoncé
Passionate Kisses,Lucinda Williams
Limelight,Rush
Sheena Is a Punk Rocker,Ramones
West End Girls,Pet Shop Boys
Summertime Blues,Eddie Cochran
Adore,Prince
They Reminisce Over You,Pete Rock and CL Smooth
Under Pressure,Queen and David Bowie
Sign of the Times,Harry Styles
Rapper’s Delight,Sugar Hill Gang
Mannish Boy,Muddy Waters
No Diggity,Blackstreet feat. Dr. Dre and Queen Pen
Criminal,Fiona Apple
LL Cool J,Craig Mack feat. Notorious B.I.G.
How Soon Is Now?,The Smiths
California Dreamin’ ,The Mamas and the Papas
Green Onions,Booker T. and the MGs
Uptown Funk,Mark Ronson feat. Bruno Mars
Alive,Pearl Jam
Enjoy the Silence,Depeche Mode
Dreaming,Blondie
Gloria,Them
Buffalo Stance,Neneh Cherry
Heavy Metal Drummer,Wilco
Whipping Post,Allman Brothers Band
Everlong,Foo Fighters
Father and Son,Cat Stevens/Yusuf
Free Bird,Lynyrd Skynyrd
Sucker MC’s,Run-DMC
Amor Prohibido,Selena
Rock and Roll All Nite,Kiss
Ain’t Nobody,Rufus and Chaka Khan
Lovely Day,Bill Withers
Go Your Own Way,Fleetwood Mac
Station to Station,David Bowie
You Make Me Feel (Mighty Real),Sylvester
Hungry Like the Wolf,Duran Duran
Alison,Elvis Costello
Grace,Jeff Buckley
Say It Loud (I’m Black and I’m Proud),James Brown
Fix You,Coldplay
Springsteen,Eric Church
Enter Sandman,Metallica
Brass in Pocket,Pretenders
Party Up (Up in Here),DMX
Personality Crisis,New York Dolls
Lola,The Kinks
I’m Coming Out,Diana Ross
J Balvin,Cardi B
Redbone,Childish Gambino
Paper Bag,Fiona Apple
Typical Girls,The Slits
Radiation Vibe,Fountains of Wayne
Untitled (How Does It Feel),D’Angelo
Mr. Brightside,The Killers
Pictures of You,The Cure
Mama Tried,Merle Haggard
Up on the Roof,The Drifters
Be Thankful for What You Got,William DeVaughn
I Can’t Make You Love Me,Bonnie Raitt
Bennie and the Jets,Elton John
Peggy Sue,Buddy Holly
Just What I Needed,The Cars
Black Hole Sun,Soundgarden
Thinkin Bout You,Frank Ocean
Da Doo Ron Ron,The Crystals
God Save the Queen,Sex Pistols
Box of Rain,The Grateful Dead
Could You Be Loved,Bob Marley and the Wailers
Merry Go ‘Round,Kacey Musgraves
The Harder They Come,Jimmy Cliff
Little Red Corvette,Prince
Killing Me Softly With His Song,Fugees
Because the Night,Patti Smith
Surrender,Cheap Trick
Don’t Leave Me This Way,Thelma Houston
Rock With You,Michael Jackson
Sweet Dreams (Are Made of This),Eurythmics
Ponta de Lança Africano (Umbabarauma),Jorge Ben
Angel From Montgomery,John Prine
Time of the Season,The Zombies
Virginia Plain,Roxy Music
Dynamite,BTS
It’s Too Late,Carole King
Iron Man,Black Sabbath
What a Fool Believes,The Doobie Brothers
Promised Land,Chuck Berry
I’m a Believer,The Monkees
(White Man) in Hammersmith Palais,The Clash
1999,Prince
Paranoid,Black Sabbath
Believe,Cher
She’s Gone,Hall and Oates
Move Your Body (The House Music Anthem),Marshall Jefferson
Ripple,The Grateful Dead
Papa Was a Rollin’ Stone,The Temptations
Umbrella,Rihanna feat. Jay-Z
Please Mr. Postman,The Marvelettes
Safaera,Bad Bunny
Under the Bridge,Red Hot Chili Peppers
Real Love,Mary J. Blige
Portions for Foxes,Rilo Kiley
Lust for Life,Iggy Pop
Scenes From an Italian Restaurant,Billy Joel
All I Have to Do Is Dream,Everly Brothers
After the Gold Rush,Neil Young
I Still Haven’t Found What I’m Looking For,U2
California Love,2Pac
Everybody Wants to Rule the World,Tears for Fears
Hound Dog,Big Mama Thornton
Visions of Johanna,Bob Dylan
Leader of the Pack,The Shangri-Las
Pt. 1-Acknowledgement,John Coltrane
I Wanna Be Your Dog,The Stooges
The Tears of a Clown,Smokey Robinson and the Miracles
Walk on By,Isaac Hayes
Hotel California,The Eagles
Light My Fire,The Doors
Ain’t No Sunshine,Bill Withers
Divorce Song,Liz Phair
Crazy,Gnarls Barkley
Chain of Fools,Aretha Franklin
Trans-Europe Express,Kraftwerk
No Scrubs,TLC
Wish You Were Here,Pink Floyd
Night Moves,Bob Seger
Rock Lobster,The B-52’s
I Put a Spell on You,Screamin’ Jay Hawkins
Jungleland,Bruce Springsteen
Wouldn’t It Be Nice,Beach Boys
Rebel Girl,Bikini Kill
Won’t Get Fooled Again,The Who
Sweet Jane,The Velvet Underground
School’s Out,Alice Cooper
In the Air Tonight,Phil Collins
Yeah!,Usher feat. Lil Jon and Ludacris
Atlantic City,Bruce Springsteen
That’s the Joint,The Funky 4 + 1
You Shook Me All Night Long,AC/DC
Dancing Queen,ABBA
Say My Name,Destiny’s Child
Suzanne,Leonard Cohen
Georgia on My Mind,Ray Charles
Never Tear Us Apart,INXS
Grindin”,Clipse
Penny Lane,The Beatles
Karma Police,Radiohead
Pressure Drop,Toots and the Maytals
Bo Diddley,Bo Diddley
Ever Fallen in Love (With Someone You Shouldn’t’ve),Buzzcocks
Sail Away,Randy Newman
Love and Happiness,Al Green
Killing Me Softly With His Song,Roberta Flack
The Boys Are Back in Town,Thin Lizzy
A Whiter Shade of Pale,Procol Harum
Closer,Nine Inch Nails
Unchained Melody,The Righteous Brothers
Shout (Parts 1 and 2),The Isley Brothers
Take Care,Drake feat. Rihanna
King Tubby Meets the Rockers Uptown,Augustus Pablo
Left of the Dial,The Replacements
Let’s Get It On,Marvin Gaye
Coat of Many Colors,Dolly Parton
American Tune,Paul Simon
Pusherman,Curtis Mayfield
Get Up,The Wailers
Heart of Gold,Neil Young
The Revolution Will Not Be Televised,Gil-Scott Heron
Heat Wave,Martha Reeves and the Vandellas
Master of Puppets,Metallica
Coal Miner’s Daughter,Loretta Lynn
Stop! In the Name of Love,The Supremes
Blue Eyes Crying in the Rain,Willie Nelson
Flash Light,Parliament
I Will Survive,Gloria Gaynor
Purple Haze,The Jimi Hendrix Experience
Bad Reputation,Joan Jett
River,Joni Mitchell
Ooh La La,Faces
Sabotage,Beastie Boys
Summer Babe (Winter Version),Pavement
Eleanor Rigby,The Beatles
Great Balls of Fire,Jerry Lee Lewis
I Want It That Way,Backstreet Boys
September Gurls,Big Star
Are You That Somebody?,Aaliyah
Your Cheatin’ Heart,Hank Williams
Blue Monday,New Order
You Keep Me Hangin’ On,The Supremes
Groove Is in the Heart,Deee-Lite
My Generation,The Who
I Wanna Dance With Somebody (Who Loves Me),Whitney Houston
Mr. Tambourine Man,The Byrds
This Land Is Your Land,Woody Guthrie
Single Ladies (Put a Ring On It),Beyoncé
Fortunate Son,Creedence Clearwater Revival
There Is a Light That Never Goes Out,The Smiths
Both Sides Now,Joni Mitchell
Layla,Derek and the Dominos
Stills,Crosby
River Deep,Ike and Tina Turner
Bizarre Love Triangle,New Order
Free Fallin”,Tom Petty
In the Midnight Hour,Wilson Pickett
Edge of Seventeen,Stevie Nicks
Shook Ones,Mobb Deep
Deacon Blues,Steely Dan
Paint It,The Rolling Stones
More Than a Feeling,Boston
With or Without You,U2
One Nation Under a Groove,Funkadelic
Boys of Summer,Don Henley
Doll Parts,Hole
Killing in the Name,Rage Against the Machine
Wichita Lineman,Glen Campbell
…Baby One More Time,Britney Spears
Young Americans,David Bowie
Signed,Stevie Wonder
Your Song,Elton John
Ring of Fire,Johnny Cash
Changes,David Bowie
Dream On,Aerosmith
Sexual Healing,Marvin Gaye
I Can’t Stand the Rain,Ann Peebles
Get Up (I Feel Like Being A) Sex Machine,James Brown
Crazy,Patsy Cline
Rid of Me,PJ Harvey
Wild Horses,The Rolling Stones
Ode to Billie Joe,Bobbie Gentry
Space Oddity,David Bowie
Little Wing,The Jimi Hendrix Experience
Subterranean Homesick Blues,Bob Dylan
I’ll Take You There,The Staple Singers
Nothing Compares 2 U,Sinéad O’Connor
You Are the Sunshine of My Life,Stevie Wonder
The Sounds of Silence,Simon and Garfunkel
Eight Miles High,The Byrds
Walk on the Wild Side,Lou Reed
Comfortably Numb,Pink Floyd
Bad Guy,Billie Eilish
You Really Got Me,The Kinks
I Only Have Eyes for You,The Flamingos
Radio Free Europe,R.E.M.
Marquee Moon,Television
Mississippi Goddam,Nina Simone
What a Wonderful World,Louis Armstrong
In the Still of the Night,The Five Satins
American Girl,Tom Petty and the Heartbreakers
Son of a Preacher Man,Dusty Springfield
All the Young Dudes,Mott the Hoople
I’m So Lonesome I Could Cry,Hank Williams
Mr. Tambourine Man,Bob Dylan
Landslide,Fleetwood Mac
Pink Moon,Nick Drake
Into the Groove,Madonna
Nightswimming,R.E.M.
Baba O’Riley,The Who
Cissy Strut,The Meters
Teenage Riot,Sonic Youth
Louie Louie,The Kingsmen
Last Nite,The Strokes
Spoonful,Howlin’ Wolf
Super Freak,Rick James
Proud Mary,Creedence Clearwater Revival
Will You Love Me Tomorrow,The Shirelles
Basket Case,Green Day
Rocket Man,Elton John
Kashmir,Led Zeppelin
Blueberry Hill,Fats Domino
Fire and Rain,James Taylor
Jumpin’ Jack Flash,The Rolling Stones
London Calling,The Clash
He Stopped Loving Her Today,George Jones
Maggie May,Rod Stewart
No Woman No Cry,Bob Marley and the Wailers
Heart of Glass,Blondie
Thank U,Ariana Grande
Try a Little Tenderness,Otis Redding
She Loves You,The Beatles
What’s Love Got to Do With It,Tina Turner
Don’t Stop Believin,Journey
Stand by Me,Ben E. King
Dancing in the Street,Martha and the Vandellas
Hold On,Drake feat. Majid Jordan
Whole Lotta Love,Led Zeppelin
Freedom! ’90,George Michael
Anarchy in the U.K.,Sex Pistols
That’ll Be the Day,Buddy Holly
This Must Be the Place (Naive Melody),Talking Heads
People Get Ready,The Impressions
Let It Be,The Beatles
Oh Bondage! Up Yours!,X-Ray Spex
I Heard It Through the Grapevine,Marvin Gaye
Creep,Radiohead
I Say a Little Prayer,Aretha Franklin
At Last,Etta James
Toxic,Britney Spears
Higher Ground,Stevie Wonder
Losing My Religion,R.E.M.
Thunder Road,Bruce Springsteen
Something,The Beatles
Everyday People,Sly and the Family Stone
Just Like Heaven,The Cure
Sympathy for the Devil,The Rolling Stones
Life on Mars?,David Bowie
I Want You Back,The Jackson 5
You Oughta Know,Alanis Morissette
Maybelline,Chuck Berry
Maps,Yeah Yeah Yeahs
Blowin’ in the Wind,Bob Dylan
Stayin’ Alive,Bee Gees
In My Life,The Beatles
Gloria,Patti Smith
99 Problems,Jay-Z
Wonderwall,Oasis
Good Golly,Little Richard
(You Make Me Feel Like) A Natural Woman,Aretha Franklin
Hey Jude,The Beatles
Sweet Child O’ Mine,Guns N’ Roses
All My Friends,LCD Soundsystem
Tumbling Dice,The Rolling Stones
Kiss,Prince
Let’s Stay Together,Al Green
Desolation Row,Bob Dylan
Rolling in the Deep,Adele
I’m Waiting for the Man,The Velvet Underground
What’d I Say,Ray Charles
Back to Black,Amy Winehouse
Reach Out (I’ll Be There),The Four Tops
Roadrunner,The Modern Lovers
I Walk the Line,Johnny Cash
Common People,Pulp
Hallelujah,Leonard Cohen
Formation,Beyoncé
Yesterday,The Beatles
Fast Car,Tracy Chapman
Suspicious Minds,Elvis Presley
All Too Well,Taylor Swift
Good Times,Chic
Tangled Up in Blue,Bob Dylan
Bridge Over Troubled Water,Simon and Garfunkel
Wind,Earth
Blitzkrieg Bop,Ramones
Jolene,Dolly Parton
One,U2
Stairway to Heaven,Led Zeppelin
Running Up That Hill,Kate Bush
The Weight,The Band
Family Affair,Sly and the Family Stone
Like a Prayer,Madonna
The Tracks of My Tears,Smokey Robinson and the Miracles
Good Vibrations,The Beach Boys
I Feel Love,Donna Summer
Walk on By,Dionne Warwick
Gasolina,Daddy Yankee
Doo Wop (That Thing),Lauryn Hill
Idioteque,Radiohead
Tiny Dancer,Elton John
Alright,Kendrick Lamar
My Girl,The Temptations
Redemption Song,Bob Marley and the Wailers
Love Will Tear Us Apart,Joy Division
All Along the Watchtower,The Jimi Hendrix Experience
(Sittin’ On) the Dock of the Bay,Otis Redding
When Doves Cry,Prince and the Revolution
Seven Nation Army,The White Stripes
Tutti-Frutti,Little Richard
Papa’s Got a Brand New Bag,James Brown
Johnny B. Goode,Chuck Berry
Juicy,Notorious B.I.G.
(I Can’t Get No) Satisfaction,The Rolling Stones
Once in a Lifetime,Talking Heads
Born to Run,Bruce Springsteen
A Case of You,Joni Mitchell
Runaway,Kanye West feat. Pusha T
A Day in the Life,The Beatles
Heroes,David Bowie
Be My Baby,The Ronettes
Strange Fruit,Billie Holiday
Dancing on My Own,Robyn
Imagine,John Lennon
Purple Rain,Prince and the Revolution
Bohemian Rhapsody,Queen
Crazy in Love,Beyoncé feat. Jay-Z
I Want to Hold Your Hand,The Beatles
Waterloo Sunset,The Kinks
Gimme Shelter,The Rolling Stones
Superstition,Stevie Wonder
God Only Knows,The Beach Boys
Hey Ya!,Outkast
Dreams,Fleetwood Mac
Strawberry Fields Forever,The Beatles
What’s Going On,Marvin Gaye
Smells Like Teen Spirit,Nirvana
Like a Rolling Stone,Bob Dylan
A Change Is Gonna Come,Sam Cooke
Respect,Aretha Franklin
Last Dance,Donna Summer
The Rockafeller Skank,Fatboy Slim
We Have Arrived,Mescalinum United
Melody,Oliver Heldens
Rain,Kerri Chandler
Sandwiches,Detroit Grand Pubahs
Everybody Everybody,Black Box
Azz Everywhere,Big Freedia
Hyph Mngo,Joy Orbison
Moody,ESG
In for the Kill (Skream,La Roux
RIP Groove,Double 99
The Power,Snap!
DJ Webstar,DJ Frosty feat. Fatman Scoop
Inspector Norse,Todd Terje
House of Jealous Lovers,The Rapture
Higher Ground,TNGHT
Brown Paper Bag,Roni Size and Reprazent
Back to Life (However Do You Want Me),Soul II Soul
Silver Screen Shower Scene,Felix da Housecat
(This Is) The Dream of Evan and Chan (Superpitcher Kompakt Remix),Dntel feat. Ben Gibbard
Do Ya Wanna Funk?,Patrick Cowley feat. Sylvester
High Energy,Evelyn Thomas
Get Lucky,Daft Punk feat. Pharrell Williams and Nile Rodgers
Easy,Mat Zo and Porter Robinson
We Are Your Friends,Justice vs. Simian
Animals,Martin Garrix
Lookout Weekend,Debbie Deb
Bank Rolls,Tate Kobang
Tainted Love/Where Did Our Love Go?,Soft Cell
Little Fluffy Clouds,The Orb
Quoth,Polygon Window
Midnight Request Line,Skream
Feel My M.F. Bass,Paul Johnson
That,Ten City
Join in the Chant,Nitzer Ebb
Smalltown Boy,Bronski Beat
LFO (Leeds Warehouse Mix),LFO
Sticky,Drake
I Get Deep (Shelter Mix),Roland Clark
Follow Me,Aly-Us
Rock Your Baby,George McCrae
Perezosa,El General
Maximum Style,Tom and Jerry
Losing My Edge,LCD Soundsystem
Ojos Asi (Thunder Mix),Shakira
My Red Hot Car,Squarepusher
Sing It Back (Boris Musical Mix),Moloko
Don,The Human League
